<?xml version="1.0" encoding="UTF-8" standalone="yes"?>
<addon id="repository.mijnrepo" name="Mijn Repository" version="1.0" provider-name="Mijn Naam">
  <extension point="xbmc.addon.repository" name="Mijn Repository">
        <info compressed="false">http://mijnserver.com/Plugins/addons.xml</info>
		<checksum>http://mijnserver.com/Plugins/addons.xml.md5</checksum>
		<datadir zip="true">http://mijnserver.com/Plugins/</datadir>
  </extension>
  <extension point="xbmc.addon.metadata">
    <summary lang="en">Mijn Repository</summary>
    <description lang="en">Mijn repository voor mijn addons</description>
    <platform>all</platform>
  </extension>
</addon>